{
  "name": "editai-frontend",
  "version": "1.0.0",
  "type": "module",
  "scripts": {
    "dev": "vite",
    "build": "tsc && vite build",
    "preview": "vite preview",
    "lint": "eslint . --ext ts,tsx --report-unused-disable-directives --max-warnings 0",
    "type-check": "tsc --noEmit"
  },
  "dependencies": {
    "react": "^19.0.0",
    "react-dom": "^19.0.0",
    "react-router-dom": "^6.20.0",
    "axios": "^1.6.0",
    "zustand": "^4.4.0",
    "@stripe/react-stripe-js": "^2.4.0",
    "@stripe/stripe-js": "^2.1.0",
    "react-hot-toast": "^2.4.1",
    "date-fns": "^2.30.0",
    "lucide-react": "^0.294.0"
  },
  "devDependencies": {
    "@types/react": "^18.2.0",
    "@types/react-dom": "^18.2.0",
    "@vitejs/plugin-react": "^4.2.0",
    "typescript": "^5.3.0",
    "vite": "^5.0.0",
    "tailwindcss": "^3.4.0",
    "postcss": "^8.4.0",
    "autoprefixer": "^10.4.0",
    "eslint": "^8.54.0",
    "eslint-plugin-react-hooks": "^4.6.0",
    "eslint-plugin-react-refresh": "^0.4.5"
  }
}
