{\n  \"name\": \"editai-backend\",\n  \"version\": \"1.0.0\",\n  \"description\": \"EditAI - AI Video Editing Platform Backend\",\n  \"main\": \"dist/server.js\",\n  \"type\": \"module\",\n  \"scripts\": {\n    \"dev\": \"tsx watch src/server.ts\",\n    \"build\": \"tsc\",\n    \"start\": \"node dist/server.js\",\n    \"db:push\": \"node scripts/migrate.js\",\n    \"lint\": \"eslint src --ext ts\"\n  },\n  \"dependencies\": {\n    \"express\": \"^4.18.2\",\n    \"cors\": \"^2.8.5\",\n    \"dotenv\": \"^16.3.1\",\n    \"pg\": \"^8.11.3\",\n    \"jsonwebtoken\": \"^9.1.2\",\n    \"bcrypt\": \"^5.1.1\",\n    \"openai\": \"^4.28.0\",\n    \"stripe\": \"^14.7.0\",\n    \"uuid\": \"^9.0.1\"\n  },\n  \"devDependencies\": {\n    \"@types/express\": \"^4.17.21\",\n    \"@types/node\": \"^20.10.6\",\n    \"@types/pg\": \"^8.11.2\",\n    \"@types/jsonwebtoken\": \"^9.0.7\",\n    \"@types/bcrypt\": \"^5.0.2\",\n    \"typescript\": \"^5.3.3\",\n    \"tsx\": \"^4.7.0\",\n    \"eslint\": \"^8.56.0\",\n    \"@typescript-eslint/eslint-plugin\": \"^6.17.0\",\n    \"@typescript-eslint/parser\": \"^6.17.0\"\n  }\n}\n
